Eric Ramat <ramat@lisic.univ-littoral.fr> Eric Ramat <ramat@lisic.univ-littoral.fr>
Eric Ramat <ramat@lisic.univ-littoral.fr> Éric Ramat <ramat@lil.univ-littoral.fr>
Eric Ramat <ramat@lisic.univ-littoral.fr> Eric Ramat <ramat@lil.univ-littoral.fr>

Gauthier Quesnel <gauthier.quesnel@inra.fr> Gauthier Quesnel <gauthier.quesnel@toulouse.inra.fr>
Gauthier Quesnel <gauthier.quesnel@inra.fr> Gauthier Quesnel <quesnel@lil.univ-littoral.fr>
Gauthier Quesnel <gauthier.quesnel@inra.fr> Gauthier Quesnel <quesnel@users.sourceforge.net>
Gauthier Quesnel <gauthier.quesnel@inra.fr> Gauthier Quesnel <gauthier@users.sourceforge.net>
Gauthier Quesnel <gauthier.quesnel@inra.fr> Gauthier Quesnel <quesnel@vle.toulouse.inra.fr>
Gauthier Quesnel <gauthier.quesnel@inra.fr> Gauthier Quesnel <gauthier.quesnel@gmail.com>
Gauthier Quesnel <gauthier.quesnel@inra.fr> Quesnel <gquesnel@cascade.(none)>

Patrick Chabrier <patrick.chabrier@inra.fr> Patrick Chabrier <patrick.chabrier@toulouse.inra.fr>
Patrick Chabrier <patrick.chabrier@inra.fr> <pchabrier@estibere.(none)>
Patrick Chabrier <patrick.chabrier@inra.fr> <pchabrier@russell.(none)>
Patrick Chabrier <patrick.chabrier@inra.fr> Patrick Chabrier <patrick.chabrier@free.fr>
Patrick Chabrier <patrick.chabrier@inra.fr> Patrick Chabrier <pchabrier@russell.toulouse.inra.fr>
Patrick Chabrier <patrick.chabrier@inra.fr> Chabrier <patrick.chabrier@toulouse.inra.fr>
Patrick Chabrier <patrick.chabrier@inra.fr> chabrier <chabrier@estibere.toulouse.inra.fr>

Raphaël Duboz <raphael.duboz@cirad.fr> Raphael Duboz <raphael.duboz@cirad.fr>
Raphaël Duboz <raphael.duboz@cirad.fr> Duboz Raphael <duboz@ird.fr>

Ronan Trépos <ronan.trepos@inra.fr> Ronan Trepos <ronan.trepos@toulouse.inra.fr>
Ronan Trépos <ronan.trepos@inra.fr> Ronan Trepos <rtrepos@toulouse.inra.fr>
Ronan Trépos <ronan.trepos@inra.fr> Ronan Trpos <Ronan.Trepos@toulouse.inra.fr>
Ronan Trépos <ronan.trepos@inra.fr> Ronan Trépos <Ronan.trepos@toulouse.inra.fr>
Ronan Trépos <ronan.trepos@inra.fr> Ronan Trépos <ronan.trepos@toulouse.inra.fr>
Ronan Trépos <ronan.trepos@inra.fr> Ronan Trépos <rtrepos@toulouse.inra.fr>
Ronan Trépos <ronan.trepos@inra.fr> rtrepos <ronan.trepos@toulouse.inra.fr>

Mikaël Grialou <mikael.grialou@inra.fr> Mikaël Grialou <Mikael.Grialou@toulouse.inra.fr>

Éric Casellas <eric.casellas@inra.fr> Eric Casellas <eric.casellas@toulouse.inra.fr>
Éric Casellas <eric.casellas@inra.fr> casellas <eric.casellas@inra.fr>
Éric Casellas <eric.casellas@inra.fr> ecasellas <eric.casellas@inra.fr>
Éric Casellas <eric.casellas@inra.fr> eric-casellas <eric.casellas@inra.fr>
Éric Casellas <eric.casellas@inra.fr> eric.casellas <eric.casellas@inra.fr>
Éric Casellas <eric.casellas@inra.fr> Éric Casellas <eric.casellas@inra.fr>
